kepid,kepoi_name,status,koi_period,koi_time0bk,koi_duration,label
9777087,K03747.02,ok,19.226055,132.6309,2.949,0
6209225,K06676.01,ok,439.21978,523.3139,9.392,1
7596240,K04295.01,ok,13.3997555,131.84235,3.534,1
3758499,K05007.02,ok,80.881757,136.6708,12.568,1
5374854,K00645.01,ok,8.50339249,170.86894,2.9569,1
3965201,K07546.01,ok,44.113873,164.8337,3.956,1
5956776,K03821.01,ok,0.569115097,132.020841,3.5028,0
11508644,K03101.01,ok,14.2563272,133.40971,4.796,1
7751562,K06912.01,ok,17.042155208,142.4257555,7.80412,0
8703884,K01262.01,ok,14.17098745,359.82956,3.4804,0
6603765,K06739.01,ok,19.164111,139.8244,2.773,1
5955321,K06140.01,ok,11.637858887,136.885517,11.8851,0
11969988,K04011.01,ok,2.19068738,132.01727,4.41,0
11757451,K04745.01,ok,177.668663,264.2428,9.298,1
3962243,K01203.03,ok,48.6478543,172.1271,5.464,1
5364071,K00248.02,ok,10.91274065,169.85247,2.1801,1
6871071,K02220.04,ok,7.66462913,137.38342,3.614,1
11601584,K01831.03,ok,34.205785079,148.8050925,5.1691,1
7377033,K00882.01,ok,1.956811408,170.694208,2.1958,0
12105051,K00141.01,ok,2.624234833,132.304988,1.3874,1
6207053,K06675.01,ok,0.604755462,131.84831,1.3741,0
4645833,K04783.01,ok,0.743495989,132.18904,2.255,0
9904059,K00145.01,ok,102.9641952,158.07473,15.735,0
3836439,K06364.01,ok,1.540395674,131.9963513,2.80168,0
11905409,K03312.01,ok,18.0939004,139.01706,3.294,1
6442735,K05283.01,ok,18.7821603,147.8508,5.573,1
8417078,K04693.01,ok,23.6223571,146.9643,6.852,1
7898352,K01486.01,ok,127.2824442,163.89,7.1545,1
9715939,K03690.01,ok,12.893018017,141.611199,3.30029,0
2720828,K04669.01,ok,1.71659304,131.6976,1.154,0
9693803,K07224.01,ok,13.4959496,142.1992,2.085,1
5283728,K05149.01,ok,43.681309,168.9218,12.37,1
8524110,K07891.01,ok,0.79708975,131.8481,3.301,0
5041569,K02795.01,ok,2.5355023,132.20054,7.189,0
8009500,K06951.01,ok,38.47674409,150.5742128,5.10744,0
9899216,K07971.01,ok,1.33259003,132.0133,3.962,0
9411166,K01922.01,ok,1.954525966,132.29679,2.0944,1
8813698,K01268.01,ok,268.9410974,360.070904,5.4434,1
11624249,K00356.01,ok,1.82708193,170.52583,1.96401,1
6507427,K02455.01,ok,4.74254518,133.13916,1.023,0
3114167,K00795.01,ok,6.770300385,170.57662,2.0844,1
6956014,K00031.01,ok,0.925589891,169.69275,1.967,0
11030711,K01429.01,ok,205.912735,252.74129,9.992,1
11855538,K07485.01,ok,2.521265,132.848,2.69,0
8760040,K02963.02,ok,7.35101287,133.63951,2.757,1
7100673,K04032.04,ok,5.10110666,132.42955,2.657,1
11819135,K08067.01,ok,1.901655058,132.83364,4.6545,0
11824222,K00437.01,ok,15.84132627,177.142109,1.8215,1
7207061,K02113.01,ok,15.94248453,146.33157,3.4894,1
4833421,K00232.02,ok,5.766165573,134.01725,3.8314,1
6206214,K02252.01,ok,13.53953595,143.15629,4.389,1
5308777,K05152.01,ok,0.944598153,132.2327,4.018,0
8430964,K03078.01,ok,2.98618134,133.46926,2.969,1
6383821,K01238.01,ok,27.07237655,139.1127,6.9592,1
7622059,K06161.01,ok,10.4032399,138.18443,23.85,0
4996057,K07712.01,ok,4.8302364,134.9522,7.983,1
11853905,K00007.01,ok,3.213668926,123.611878,3.98235,1
5021899,K00821.01,ok,21.81295996,174.01085,4.3791,1
7024222,K00309.01,ok,1.633107509,170.19649,1.491,0
3761319,K06104.01,ok,16.2480865,143.96708,8.232,0
3340165,K04972.01,ok,26.092284,149.1087,6.623,1
6880517,K03305.01,ok,65.6491001,174.79319,7.298,1
5437945,K03791.01,ok,440.7843755,139.3535,21.693,1
12505654,K02353.01,ok,5.186737262,134.99509,0.8023,1
9049550,K05606.01,ok,23.81490574,135.92167,1.9948,0
6953281,K08130.01,ok,0.566799395,131.79717,1.5368,0
8414216,K07036.01,ok,11.93137992,142.82366,3.639,0
9640439,K02912.01,ok,0.873227249,132.23359,0.7948,0
5097278,K06519.01,ok,0.73240662,131.5735,4.33,0
3858804,K00391.01,ok,25.9525478,174.84275,21.328,0
8056665,K00089.01,ok,84.6877524,150.57084,10.0248,1
5014903,K02966.01,ok,7.72768833,136.19387,2.06,0
9532997,K08284.01,ok,49.763624,135.0312,2.749,0
4384909,K07693.01,ok,6.41097179,132.9844,2.582,1
9848420,K07237.01,ok,7.9320191,136.4321,8.18,0
8377197,K04727.01,ok,1.215181097,131.50904,1.295,0
3228740,K06309.01,ok,0.730956716,132.21412,2.097,0
8056651,K04869.01,ok,5.5834987,132.562,2.484,0
8158127,K01015.03,ok,16.9972894,143.87301,2.585,1
5211199,K02158.02,ok,6.68231249,132.18853,3.251,1
10226343,K07994.01,ok,0.660655454,131.6909,7.111,0
8708961,K08163.01,ok,370.98253,308.2287,17.84,1
10337517,K01165.02,ok,4.29263699,134.80018,2.7,1
6314185,K03752.01,ok,1.433262145,132.822323,5.6316,0
10407210,K04662.01,ok,0.933728755,131.54241,4.363,0
5636648,K01565.01,ok,0.466743525,133.971123,1.3956,0
5444392,K06578.01,ok,0.759764419,131.7927631,5.72501,0
5621294,K06606.01,ok,0.938905082,131.8411582,5.00453,0
9790965,K07231.01,ok,0.82206761,132.243022,3.8281,0
12164770,K02088.01,ok,2.63009438,132.22517,11.226,0
8077137,K00274.01,ok,15.0896415,175.95371,4.3349,1
8076630,K02235.01,ok,0.861643331,131.80744,2.4318,0
9965957,K01911.01,ok,5.75321539,136.75617,1.7948,1
12021625,K02996.01,ok,15.9314412,141.81212,2.435,1
7427764,K04364.01,ok,4.56383697,132.26068,2.271,1
6182846,K03591.01,ok,6.399101307,134.702264,4.7439,0
7777818,K04380.01,ok,5.78159956,136.77178,2.222,0
6276791,K04477.01,ok,5.30179786,135.9927,2.24,1
8637903,K08276.01,ok,385.858683,343.64827,12.071,1
3449540,K04982.01,ok,1.606003121,132.4945147,4.88602,0
7588436,K06888.01,ok,23.3924063,139.7612,3.416,0
9447166,K03296.01,ok,62.869463,166.0137,6.842,1
10341781,K08289.01,ok,0.93371211,131.5372,4.76,0
6877673,K06784.01,ok,36.75892725,156.0924573,15.5723,0
11450414,K01992.03,ok,85.517344,181.351,9.331,1
8560475,K05543.01,ok,7.41505161,133.31055,2.061,0
7448023,K07839.01,ok,0.566816802,131.77983,1.981,0
8689793,K01893.01,ok,3.554856338,131.80398,2.1004,1
9532637,K03842.01,ok,0.61496383,132.022402,1.93053,0
4049108,K00495.01,ok,4.804469031,169.63529,3.4587,0
8543278,K07052.01,ok,7.549299761,135.0113297,2.46338,0
9210828,K07147.01,ok,0.82820657,131.581313,2.70353,0
7695445,K06906.01,ok,1.74336627,132.8574,10.405,0
7771181,K04797.01,ok,9.97202023,137.71181,1.425,1
7975727,K00418.01,ok,22.418319842,172.797099,5.349,0
8364119,K07024.01,ok,7.73591011,137.9876592,5.01919,0
10081899,K08196.01,ok,522.64613,190.3389,17.77,0
5473535,K03894.01,ok,1.673662758,131.67166,2.3135,0
4454219,K06416.01,ok,1.22578134,131.6062,2.235,0
3098810,K01878.01,ok,40.80957343,142.69218,3.158,1
10091110,K03627.02,ok,8.529991199,137.654769,3.9954,0
10535807,K07337.01,ok,1.481655821,132.699429,3.4913,0
12506770,K01577.01,ok,2.806243488,133.7314,1.6271,1
12023078,K02888.01,ok,0.623441939,131.990423,1.4053,0
8262210,K01073.01,ok,1.613001111,178.52846,2.394,0
10909127,K02200.01,ok,3.17059731,132.67813,1.6686,1
5716244,K06619.01,ok,1.330333096,132.785555,5.045,0
6707908,K02014.01,ok,2.466070972,132.32097,1.9559,0
10026502,K04706.01,ok,101.952048,206.3499,5.991,1
3542117,K04987.01,ok,12.5748872,143.1278,3.549,0
10917043,K02770.01,ok,205.385912,284.18824,8.681,1
6386784,K06700.01,ok,1.99567242,132.87321,3.58,0
5475494,K03969.01,ok,0.73619448,132.08341,1.1148,0
9079915,K07922.01,ok,0.812678859,132.20817,0.841,0
11560037,K03874.01,ok,1.466535757,131.992658,0.8222,0
6677256,K01243.01,ok,3.125814002,356.41184,1.7895,0
10717220,K06228.01,ok,21.0907909,133.96316,4.751,1
8766268,K08168.01,ok,5.29731736,135.5479,3.341,0
11512246,K00168.03,ok,7.10695741,138.32271,5.1462,1
5650314,K03731.01,ok,1.070272827,131.835891,4.2844,0
6784235,K00863.01,ok,3.167893418,172.147959,2.1814,1
4768846,K02077.01,ok,1.25483232,132.18633,2.67,0
7501646,K02572.01,ok,6.37705295,136.91384,1.949,1
11336883,K01445.01,ok,7.16893064,135.67854,4.6766,1
6586746,K02747.01,ok,6.26404774,132.82928,2.39,1
7748487,K03394.01,ok,15.5764061,135.9482,5.382,1
9594184,K05696.01,ok,42.093314,141.1113,4.649,0
3554600,K00803.01,ok,7.544039,171.7982,6.222,0
3858919,K05990.01,ok,25.9522913,154.8689,10.977,0
6037581,K01916.03,ok,2.0248205,132.35465,2.55,1
9153570,K02625.01,ok,3.81371423,132.57465,1.973,1
8410727,K01148.01,ok,11.47609015,135.39622,5.046,1
5952366,K03947.01,ok,0.905679492,132.196318,2.1164,0
10810838,K00174.01,ok,56.35407916,144.83768,3.4449,1
5380812,K06570.01,ok,16.214474,136.435,4.149,1
3348090,K04112.01,ok,2.43585046,132.89661,2.088,0
5959753,K00226.01,ok,8.30865307,138.10788,3.2747,1
9166700,K05632.01,ok,264.466625,134.96749,6.371,1
5358241,K00829.02,ok,9.75192101,138.78608,4.793,1
5966154,K00655.02,ok,151.8851881,176.41272,12.091,1
5372966,K00832.01,ok,9.286358079,171.8214689,3.49949,0
10854546,K02104.01,ok,2.168451063,132.14107,1.458,1
3859363,K02887.01,ok,1.56859048,131.64081,11.591,0
4540632,K06422.01,ok,31.005392846,150.8616525,3.073,0
8456679,K00102.01,ok,1.73513619,135.060047,2.2741,1
7379385,K02207.01,ok,67.230028,171.7451,25.01,0
9771576,K08185.01,ok,398.71694,481.1929,21.6,0
5364071,K00248.04,ok,18.59611518,141.26331,2.3052,1
8156120,K00318.01,ok,38.5833679,174.84868,12.391,1
5091479,K07715.01,ok,25.8616058,140.2048,7.78,1
5020034,K03688.01,ok,2.119107262,132.58903,7.5384,0
4178606,K02728.01,ok,42.3520039,131.61246,7.773,1
3330684,K04533.01,ok,1.26132769,132.4274,1.244,0
5959719,K02498.01,ok,6.73808701,133.32953,2.591,1
10785538,K01313.01,ok,0.522457732,133.751976,0.8907,0
8081389,K06958.01,ok,1.489442254,132.0042975,5.51392,0
3248019,K01759.01,ok,1.334104585,132.3674913,3.14624,0
6522242,K00855.01,ok,41.408316686,195.78745,5.0264,1
8589754,K03518.01,ok,8.939461148,133.013944,6.19136,0
5956342,K01052.01,ok,17.02902786,143.33395,4.645,1
12004689,K07504.01,ok,2.5212708,132.8596,2.706,0
4037428,K05993.01,ok,4.264729569,135.198495,2.2075,0
8609450,K01278.03,ok,9.2207691,138.0072,4.907,1
6584273,K03287.01,ok,51.1104797,143.77855,7.712,1
5791986,K00413.02,ok,24.67458244,146.77261,3.2648,1
10585887,K08293.01,ok,378.65484,288.2584,11.3,0
9541144,K07603.01,ok,0.536650344,131.7073,2.878,0
3239671,K02066.01,ok,147.97391,263.08561,6.854,1
8121328,K03486.01,ok,19.0689513,145.7515,12.462,1
9597345,K00711.03,ok,124.5245224,254.17788,9.654,1
6209798,K02196.01,ok,1.205412526,131.93619,1.537,0
4384793,K06413.01,ok,374.318792,431.5127,5.96,0
7115597,K06824.01,ok,0.566791946,131.8145,2.77,0
8382339,K07031.01,ok,5.40597608,131.61052,2.79,0
11073656,K02206.01,ok,1.834277283,132.85895,1.7499,1
12164634,K03491.01,ok,89.3313828,204.18503,11.919,0
4669402,K04128.01,ok,143.196381,227.3054,10.424,0
7879433,K02527.01,ok,1.385787741,135.49119,1.6449,1
6779726,K03375.01,ok,47.0563327,173.9653,4.807,1
3858884,K06371.01,ok,25.95193721,154.881253,15.9897,0
9076971,K02981.01,ok,9.06687613,134.75185,3.381,1
6198999,K01687.01,ok,3.93246069,132.55435,2.1763,1
5024482,K02041.01,ok,1.5259105,132.7061,3.114,0
7955301,K06938.01,ok,15.32763411,134.92291,6.0662,0
9641008,K03860.01,ok,2.178154774,132.02433,3.5302,0
5209845,K02883.01,ok,11.95401876,140.26226,2.656,1
3867615,K02289.02,ok,20.0983676,207.57757,5.207,1
3758922,K04853.01,ok,17.7412303,144.3554,4.816,1
8845552,K07099.01,ok,34.0357766,138.9291,3.849,1
9780149,K05713.01,ok,2.53021,132.0918,21.79,0
4758368,K06448.01,ok,1.874967748,132.701553,10.0159,0
7770471,K03706.01,ok,1.157804607,132.448327,4.66082,0
8227661,K02826.01,ok,1.85373924,132.66885,1.816,0
8738775,K03432.01,ok,48.0506878,140.514,7.999,1
9244756,K01969.01,ok,16.34355902,145.04116,5.474,1
11358389,K02163.01,ok,10.66489514,132.00872,3.159,1
11037818,K05856.01,ok,259.34304,165.6794,16.04,1
6670610,K06752.01,ok,8.9429645,137.26373,1.803,1
12016243,K07506.01,ok,11.8436119,138.0037,6.044,1
3342970,K00800.02,ok,7.21203748,172.81782,4.0491,1
6285094,K06683.01,ok,5.2439783,132.6829,10.1,0
8695311,K03042.01,ok,31.0259489,158.5632,5.692,1
12314973,K00279.02,ok,15.4130812,136.94324,6.6358,1
9353314,K01900.01,ok,5.18498961,131.8814,2.1397,1
6610064,K04529.01,ok,0.584148495,131.84461,1.6192,0
8039925,K06956.01,ok,20.2594232,141.4275,19.27,0
9574179,K02637.01,ok,3.98864999,134.8296,3.516,1
10978763,K01931.01,ok,4.97760447,134.67304,2.5719,1
10816107,K07377.01,ok,2.161583501,131.80273,4.0537,0
7293937,K03211.01,ok,1.366964704,132.195909,2.3181,0
5542466,K01590.01,ok,12.89006728,201.22989,3.555,1
6842807,K02921.01,ok,16.6146221,137.33276,2.706,1
8636333,K03349.01,ok,82.175197,197.20187,8.664,1
4245897,K06395.01,ok,11.2570616,140.81576,29.059,0
10551346,K05804.01,ok,1.42796645,132.604851,12.8653,0
4665571,K02393.01,ok,4.60300256,133.22313,2.6848,1
10352603,K07317.01,ok,32.77897303,136.182037,19.1378,0
10910878,K00757.02,ok,41.19725502,165.00404,4.6297,1
8022244,K00519.02,ok,34.0350605,134.42752,6.695,1
9530945,K00708.01,ok,17.40665216,171.00688,6.864,1
10363115,K03908.01,ok,59.3627946,184.14711,13.972,1
6526710,K00856.01,ok,39.74893077,172.854644,7.3051,1
9665922,K02815.01,ok,1.545388842,132.63059,3.037,0
4813750,K05088.01,ok,49.1782244,165.7659,5.8,1
3101923,K03483.01,ok,82.331756,133.0814,8.664,1
9837661,K02715.01,ok,11.12827427,139.54417,2.6118,1
9640924,K04239.01,ok,2.17815935,132.02414,1.839,0
8958035,K01391.01,ok,7.981187121,133.802114,1.8071,0
12459913,K00602.01,ok,12.91385906,177.27535,5.3685,1
6421483,K06703.01,ok,2.158398259,131.894054,8.1633,0
8652360,K04562.01,ok,0.96807117,132.44697,1.677,0
3732035,K03966.01,ok,138.944022,153.90645,10.611,1
5282049,K01545.01,ok,5.910371418,360.2852478,3.88962,0
11873166,K07487.01,ok,0.734426335,131.931739,2.7415,0
6975615,K01698.01,ok,2.065351521,133.15601,2.661,0
6592832,K04082.01,ok,0.924821319,132.09187,2.594,0
6279974,K01812.01,ok,0.805259257,132.100916,1.42246,0
10794405,K07373.01,ok,0.952377862,132.335117,4.0869,0
8676148,K02544.01,ok,28.6253502,158.11827,4.551,1
11460018,K00769.01,ok,4.280963604,171.89659,2.875,1
12017140,K00358.01,ok,22.845241036,172.8026986,5.3007,0
9395024,K02383.01,ok,4.37033233,131.92696,2.845,1
7021681,K00255.03,ok,7.7333361,133.58981,2.807,0
7908367,K06166.01,ok,12.2064304,134.053,2.407,1
9602613,K02612.01,ok,4.61225043,133.86134,2.695,1
11616200,K07462.01,ok,1.718649321,132.21092,3.94095,0
4142847,K02210.01,ok,2.888904439,132.15271,1.6043,1
3848919,K05015.01,ok,0.52363021,131.7669254,3.45121,0
8074805,K02670.01,ok,170.8658492,299.660385,16.9895,0
9936698,K07257.01,ok,2.856085147,133.39298,4.5776,0
9512687,K00942.01,ok,11.51517167,174.85855,2.006,1
4732015,K05076.02,ok,0.939740093,131.7401,3.682,0
3860441,K01188.01,ok,2.988085455,133.27252,3.68,0
12120484,K02407.01,ok,17.2922631,135.75448,7.042,1
8824737,K03347.01,ok,12.90235874,139.15105,2.446,1
11913052,K07491.01,ok,3.74785307,134.17465,3.444,0
12834874,K00487.01,ok,7.65880048,173.03964,3.0427,1
10407054,K02500.01,ok,0.933754669,132.44306,4.048,0
10163067,K07291.01,ok,25.9136674,131.8232,10.498,1
7769815,K06915.01,ok,4.43529675,134.7488,2.117,0
7288306,K03443.01,ok,96.169569,170.2581,7.496,1
1572948,K04924.01,ok,3.0031801,132.1161,2.814,0
9850843,K05724.01,ok,8.48039,135.853,6.134,0
3103473,K04395.01,ok,1.920062587,131.72678,1.437,1
11773022,K00620.02,ok,130.17802962,212.032638,8.4534,1
3338885,K01845.01,ok,1.970340203,131.948389,1.7901,1
9282769,K03959.01,ok,1.332567005,132.0492,6.3373,0
6233466,K03552.01,ok,15.873380595,143.859941,8.0429,0
7257363,K02292.01,ok,5.23340265,133.1457,3.242,0
4586482,K05073.01,ok,623.005238,201.386299,23.5615,0
5036537,K03718.01,ok,1.06100873,132.521276,2.6715,0
6277410,K07774.01,ok,6.32589574,133.27081,1.383,1
5358241,K00829.03,ok,38.5576546,163.85063,5.794,1
11724091,K07475.01,ok,1.559090282,131.7719964,4.95211,0
8096395,K07587.01,ok,366.088938,165.426,11.887,1
2574201,K01025.01,ok,37.4783492,157.31713,5.317,0
6527229,K05296.01,ok,200.79976002,263.875635,7.6419,0
2307206,K03549.01,ok,204.0329342,253.536626,17.5623,0
6037581,K01916.02,ok,9.59993246,136.58227,4.3206,1
7177766,K07819.01,ok,0.769358923,131.57827,1.5364,0
6023859,K03414.01,ok,27.009807384,141.2897316,1.96698,0
7601918,K04133.01,ok,0.621361411,131.67283,1.0628,0
8378634,K01139.01,ok,3.629442796,134.70066,5.63,0
8175131,K02139.01,ok,4.27121961,132.10466,2.9283,0
12737015,K04245.01,ok,24.6683831,136.633,8.556,1
9576197,K06207.01,ok,7.964440392,136.194674,9.1701,0
9874581,K08189.01,ok,473.56314,222.9281,5.087,0
9702945,K04822.01,ok,3.51413723,132.40707,3.919,1
6521045,K00041.02,ok,6.88707073,133.17797,4.4679,1
8628758,K01279.01,ok,14.37457572,138.20189,4.7892,1
7610663,K04160.01,ok,3.03196812,133.98825,1.723,1
3230578,K00381.01,ok,6.337614357,170.189414,1.742,0
4482738,K06418.01,ok,0.866344816,132.06358,1.9188,0
3966801,K00494.01,ok,25.69581456,188.78889,4.0251,1
6806695,K04061.01,ok,0.855922327,131.64426,1.514,0
10292238,K03526.01,ok,143.1188694,266.359224,16.8109,0
8625408,K07073.01,ok,279.036565,246.6289,31.92,1
12418891,K04321.01,ok,0.760941405,131.62978,1.773,0
4919550,K04766.02,ok,2.45261841,133.60879,1.9,0
3554031,K01194.02,ok,14.8623076,354.57297,3.161,1
4172013,K02386.01,ok,16.2707207,145.097,5.707,1
4277304,K04774.01,ok,51.567801,168.873,5.514,1
2302548,K00988.01,ok,10.38122447,268.02421,2.715,1
8582291,K02330.01,ok,2.4681015,132.07692,2.83,0
4249611,K02821.01,ok,79.2450351,161.5717,5.382,1
10122538,K02926.01,ok,12.2854718,131.90073,2.996,1
4365442,K02787.01,ok,1.714410345,131.86549,3.336,0
9896018,K02579.02,ok,3.59645081,132.77209,2.661,1
10319341,K05784.01,ok,40.1043796,158.8392,3.471,0
9291368,K07155.02,ok,3.79654367,133.2353,11.4071,0
11923213,K05943.01,ok,27.2020672,151.86606,1.811,1
5597970,K06014.01,ok,6.71738328,137.2100078,3.60057,0
5823557,K07743.01,ok,2.4044122,133.2244,4.575,0
3232859,K01090.01,ok,8.387210055,138.903759,1.6477,0
10670112,K07360.01,ok,4.0953585,135.7884,44.35,1
8278073,K04799.01,ok,12.0729757,142.429,3.783,1
2449074,K00378.01,ok,4.94402197,173.75192,4.062,0
11188249,K02765.01,ok,2.75505467,133.42201,3.426,0
9710326,K00947.01,ok,28.59914031,189.92667,3.6567,1
5790807,K00259.01,ok,79.99623328,207.126264,6.3339,0
8866137,K02074.01,ok,33.4178173,155.58781,4.645,1
8621348,K00461.01,ok,11.34436822,172.84392,5.558,0
11450414,K01992.01,ok,12.7983174,133.64979,6.401,1
9823519,K02793.02,ok,1.766789509,133.08336,1.3345,1
4175630,K02998.01,ok,28.227413,141.49504,5.782,1
7836096,K05435.01,ok,15.9961296,138.93316,1.656,1
8414907,K01134.01,ok,100.3039228,277.0607,8.702,0
4665989,K06433.01,ok,1.124033822,131.62878,5.5728,0
6129694,K04131.01,ok,0.936751792,132.2026,5.658,0
7037540,K01347.01,ok,14.405857436,360.3847471,5.48509,0
9579641,K00115.02,ok,7.12594387,139.00492,3.0014,1
5303551,K00553.01,ok,2.399069173,171.45413,3.2576,0
9006186,K02169.02,ok,3.26662733,136.08452,2.056,1
7447200,K00676.01,ok,7.972510087,171.585057,2.9754,1
8240904,K01070.01,ok,6.61836309,360.36694,3.6813,1
5881813,K02744.01,ok,109.6469948,190.67271,6.568,1
7134626,K07818.01,ok,2.52443998,133.77012,2.369,1
11670125,K02355.01,ok,1.217000383,132.03128,1.3285,1
8505670,K00912.02,ok,6.66833241,137.43988,1.915,1
7287391,K03546.01,ok,4.286103033,134.590777,2.6422,0
7914906,K06047.01,ok,8.752913958,138.724933,3.4546,0
9271752,K01406.01,ok,11.36113254,136.92584,4.1886,1
7025526,K01380.01,ok,1.074106954,133.84323,1.9797,0
11547513,K00295.02,ok,10.10575764,135.50958,2.0138,1
10454313,K00532.01,ok,4.221626193,173.699895,3.0619,1
10935993,K03367.01,ok,25.3736543,151.8667,2.619,1
4073017,K07681.01,ok,6.05552018,131.59851,2.818,1
10933561,K00291.01,ok,31.51779463,185.1533,7.634,1
6948054,K00869.04,ok,3.219814777,133.00406,2.0642,1
4478168,K00626.02,ok,8.0292018,132.8283,3.462,1
1995519,K02634.01,ok,19.9401211,142.34849,4.283,1
8039892,K00903.01,ok,5.007316661,173.433997,4.2362,1
8611832,K02414.01,ok,22.5968256,140.42654,6.179,1
9886224,K03614.01,ok,2.992662857,131.893219,2.5258,0
10963242,K01312.01,ok,6.1469956,135.07385,3.3153,1
5184584,K01564.01,ok,53.44944498,149.20185,5.3091,1
8609450,K01278.05,ok,203.250506,208.4914,9.81,0
11614617,K01990.01,ok,24.7577652,142.06826,6.998,1
5266937,K06547.01,ok,5.917085496,132.900327,23.7545,0
11134879,K00480.01,ok,4.30165843,172.311001,2.1055,1
6531485,K06726.01,ok,0.676990194,131.8017098,1.69459,0
5024177,K04286.01,ok,0.787120016,131.73939,3.1648,0
7174617,K06156.01,ok,1.608363345,131.58432,2.1988,0
11853130,K03263.01,ok,76.87935893,146.882451,2.3819,1
11546211,K01654.01,ok,1.097211085,131.517201,1.6738,0
2437209,K04939.01,ok,281.36926,215.41653,66.892,0
6290935,K04302.01,ok,5.53312006,132.1648,3.486,1
5120087,K00639.01,ok,17.97979816,182.24179,5.5828,1
11853255,K00778.01,ok,2.243380573,170.679233,1.1196,1
11093538,K03326.01,ok,14.77820911,144.09725,5.395,0
10024701,K02002.01,ok,14.37504582,139.05924,3.208,1
6612284,K02908.01,ok,1.245353252,132.21522,2.152,0
10843431,K07378.02,ok,56.391062,167.579,5.7,1
12004656,K08073.01,ok,2.52123022,132.8709,4.739,0
3353050,K00384.01,ok,5.0800579,174.42853,5.207,1
10031808,K07278.01,ok,8.589644815,132.0206787,9.49469,0
3832474,K00806.02,ok,60.32494216,243.892578,6.6188,1
5653795,K07734.01,ok,118.314913,215.6117,4.79,0
6541920,K00157.04,ok,46.6856205,225.04604,6.3794,1
8216763,K04838.03,ok,24.0721647,148.9637,3.171,1
7672215,K05411.01,ok,11.1734401,142.5962,4.545,1
10843203,K01287.01,ok,4.429633087,355.143546,3.0257,0
3541946,K00624.01,ok,17.79001678,182.43745,4.4116,1
6061119,K00846.01,ok,27.807566216,186.713552,4.21587,1
9692336,K03859.01,ok,0.687898282,131.595979,3.96401,0
3354846,K02444.01,ok,18.5525162,135.51322,4.385,1
10932270,K07389.01,ok,27.5837778,142.9808,1.516,1
7031340,K07804.01,ok,0.566769068,131.8681,3.011,0
2853093,K01099.01,ok,161.5278347,198.00137,3.6734,1
4474462,K04452.01,ok,12.85755895,141.85597,4.831,1
6947164,K03531.01,ok,70.58284717,190.4997847,8.81169,0
5972334,K00191.02,ok,2.418406841,132.505587,2.0744,1
8890996,K07107.01,ok,1.50650745,132.98683,2.622,0
8260218,K01066.01,ok,5.714817603,355.00831,3.14126,1
10329469,K02271.01,ok,55.8224775,169.03741,5.457,1
11671579,K04510.01,ok,5.17624997,133.7381,5.261,1
5005121,K02237.01,ok,76.421501,164.4879,7.218,1
2721030,K01094.01,ok,6.10027621,135.58656,4.7476,1
6309763,K00611.01,ok,3.251659087,171.0604906,1.5286,1
11080405,K02442.01,ok,25.1933989,146.4301,4.62,1
7515762,K02524.01,ok,40.9905002,132.4136,7.336,1
6198182,K02636.02,ok,5.1777226,133.5044,8.275,1
10518399,K02800.01,ok,2.69636494,132.99372,3.892,0
5428657,K06130.01,ok,1.54287434,132.61697,1.1121,1
11253827,K02672.02,ok,42.9923284,162.50532,4.726,1
3858704,K01211.01,ok,3.00363219,135.64129,3.732,0
9851983,K07969.01,ok,1.456383399,132.71661,11.838,0
5780930,K03412.01,ok,16.7525077,131.59834,3.174,1
8561063,K00961.03,ok,1.865114193,133.792344,0.4279,1
8841616,K07097.01,ok,1.679585725,131.5600829,7.34648,0
7204233,K05371.01,ok,33.3037881,149.4642,3.003,1
9907505,K03427.01,ok,39.206808648,142.4611109,6.24701,0
7335972,K04599.01,ok,0.579770948,132.081304,1.0377,0
10338529,K08002.01,ok,366.74866,308.3136,12.446,0
4639868,K01326.01,ok,53.100942624,135.9717179,2.2868,0
9909965,K07252.01,ok,10.2170589,139.1299,2.259,1
9450647,K00110.01,ok,9.940666412,135.21559,3.9092,1
9115800,K00421.01,ok,4.454194254,172.8202233,2.3061,1
10057494,K03234.01,ok,2.41810158,132.38894,2.144,1
4864734,K03944.01,ok,1.845610523,131.80574,2.337,0
11502179,K07453.01,ok,3.98855869,135.129,1.467,0
10801249,K04611.01,ok,1.67495622,131.8099,2.994,0
9084569,K07923.01,ok,395.13138,162.7395,21.291,1
10905641,K05840.01,ok,460.77905,533.8441,15.541,0
10203349,K02212.01,ok,17.14648756,140.66122,4.2354,1
3245000,K06314.01,ok,20.413812,148.5092,5.806,0
11356260,K01441.01,ok,8.50698069,134.64421,2.938,1
5545815,K02452.01,ok,4.35370136,134.09426,1.913,0
5793275,K05202.01,ok,535.93723,135.5316,11.85,1
10686814,K02978.01,ok,2.61846258,134.02945,3.505,0
9207508,K07146.01,ok,2.015152464,132.1127635,8.17997,0
8494142,K00370.01,ok,42.88247951,203.6483,9.7471,1
11760959,K01484.01,ok,3.47021401,356.09943,2.289,0
11125613,K02485.02,ok,3.60082855,134.037,1.938,1
9455325,K01813.01,ok,9.76785911,139.43968,2.1649,1
12504988,K00181.01,ok,5.093938816,139.7178386,3.93144,0
6307083,K02050.01,ok,75.3787816,167.10798,5.268,0
8560840,K01263.01,ok,31.9734169,133.86598,13.262,0
6716545,K02906.02,ok,145.881936,194.6951,11.342,1
3218908,K01108.02,ok,1.475323222,131.83272,2.3155,1
5343976,K06565.01,ok,4.331392455,134.7274476,3.7278,0
6300348,K00212.01,ok,5.69590202,139.231637,3.5661,1
9071386,K00023.01,ok,4.693305543,136.8627229,5.17249,0
8628761,K04580.01,ok,6.30432354,137.29688,2.508,1
6191945,K06024.01,ok,6.8072842,135.5474,1.9477,0
1575873,K04359.01,ok,0.629001455,131.55662,1.263,0
7888957,K08147.01,ok,363.346158,175.9438,4.911,0
4659255,K03580.01,ok,198.01379181,234.151682,9.72673,0
9787239,K00952.03,ok,22.78078241,155.20408,3.3002,1
4076061,K06384.01,ok,566.28176,440.2605,20.39,1
3547760,K04535.02,ok,5.78901936,136.9845,3.102,1
4742452,K07704.01,ok,5.4398033,135.1594,3.256,1
4847843,K03505.01,ok,30.9604688,156.1377,14.992,0
3097346,K00264.01,ok,4.029810359,170.69131,3.3316,0
10727668,K06081.01,ok,2.305903447,131.7928588,3.3828,0
9593528,K03939.01,ok,1.88665445,132.3531,1.343,0
4656049,K00629.01,ok,40.6992062,172.57123,7.074,1
6365321,K01123.01,ok,0.848483947,133.585301,1.4451,0
4852528,K00500.05,ok,0.986785834,133.171292,1.1879,1
6421188,K06702.01,ok,16.434352831,136.2884989,5.15682,0
10419312,K02412.01,ok,2.493237866,132.63633,2.644,0
5817533,K04293.01,ok,4.206109,132.2382,5.16,0
8630840,K08161.01,ok,370.38642,263.3823,23.94,0
9583881,K00467.01,ok,18.00932214,182.441015,4.9611,1
3440118,K03876.01,ok,19.57783279,131.71421,1.9857,1
3745690,K00442.01,ok,13.54057461,171.67762,4.4673,1
3124598,K04187.01,ok,7.07162308,136.46253,2.587,0
7906739,K02165.01,ok,7.01476115,136.88345,3.945,0
5309353,K00643.01,ok,1.376384817,169.72919,1.745,0
9044228,K01988.01,ok,0.934885365,131.580676,1.4083,1
11709006,K08061.01,ok,0.719741,131.898,2.628,0
12115188,K02396.01,ok,0.495434094,133.458716,1.2496,0
8836888,K02508.01,ok,7.10397925,136.33096,1.5398,1
7798259,K06917.01,ok,1.734221252,132.833439,2.4577,0
2452440,K03687.01,ok,8.097050622,138.423529,5.6736,0
2708420,K04003.01,ok,1.89129881,132.6639,5.294,0
6045250,K03948.01,ok,0.909310626,131.725419,3.4411,0
9269281,K01398.01,ok,5.82348911,354.99602,2.2441,1
9941066,K01584.01,ok,5.87063416,137.24813,2.5736,1
6695622,K06756.01,ok,14.5567427,135.6994,1.421,0
7868967,K06925.01,ok,12.9489256,142.445,2.162,1
7626370,K01706.01,ok,1.921437488,131.806204,1.9046,1
4851217,K06460.01,ok,2.470283788,133.251861,7.8391,0
4861736,K00634.01,ok,6.277827312,172.5786,8.6841,0
7375348,K00266.01,ok,25.30893566,171.50611,5.7704,1
6019971,K06646.01,ok,7.1356633,135.09646,1.789,1
8030339,K03954.01,ok,0.65244373,132.05504,1.471,0
10717241,K00430.02,ok,9.340538,135.12248,2.57,1
3544689,K01183.01,ok,1.922861499,134.658644,3.5734,0
10464199,K07330.01,ok,198.11309,175.3243,15.59,1
9291039,K03230.02,ok,3.796383639,135.2015074,8.6711,0
8950568,K02038.04,ok,25.2149143,152.6912,5.76,1
4840513,K01541.01,ok,2.379282197,133.651365,3.1729,0
7117126,K07814.01,ok,0.566717263,131.9699708,2.6079,0
5097454,K04244.01,ok,1.288066288,133.273187,6.4616,0
7886329,K06930.01,ok,0.567493852,131.9916219,1.35349,0
6934045,K05336.01,ok,265.741374,167.0573,18.078,1
6146838,K06668.01,ok,27.467217305,143.6727101,4.17961,0
9070666,K03008.01,ok,2.99792926,131.76579,4.398,1
9244508,K02830.01,ok,40.5289885,168.01669,10.604,1
9967884,K00425.01,ok,5.428344915,169.753676,1.8931,0
10120548,K04451.01,ok,8.8303681,134.80059,3.426,1
7362852,K06036.01,ok,3.518356021,131.8005089,6.90375,0
6442602,K07778.01,ok,0.56678228,131.8571,4.725,0
6467363,K02840.01,ok,3.67936863,134.99021,3.47,1
10615440,K04765.01,ok,10.8118317,137.13426,2.627,1
2306740,K06265.01,ok,10.306982793,143.7331641,11.4277,0
5738496,K00556.01,ok,9.50150926,175.67002,6.852,0
6311891,K04627.01,ok,7.51731745,137.59704,2.484,1
8556077,K02027.01,ok,3.635723653,134.6084,2.1862,0
9491832,K04226.01,ok,49.564693,170.6973,8.54,1
10259029,K03630.01,ok,7.061149921,134.558528,3.33515,0
6105462,K02098.02,ok,89.7224125,163.15815,10.963,1
4678873,K05075.01,ok,1.878877205,133.074035,5.8768,0
4840818,K06458.01,ok,5.024768971,133.120142,3.82433,0
9110610,K04839.01,ok,21.8420304,150.82731,3.843,1
9959093,K07264.01,ok,19.1644498,141.3045,3.553,1
9704384,K01913.01,ok,5.50860699,132.2983,3.0788,1
9512981,K01466.01,ok,281.5628889,357.996571,8.853,1
9402670,K05667.01,ok,0.536551592,132.02205,4.89,0
9109857,K02833.01,ok,1.791877025,132.8762,1.166,1
8494542,K02204.01,ok,10.86062378,136.65957,2.2874,1
11187436,K01804.01,ok,5.90741476,133.93511,1.016,1
12121570,K02290.01,ok,91.500873,165.67309,4.842,1
9897364,K04189.01,ok,64.2729088,186.7353,12.136,1
6675060,K03611.01,ok,10.443341795,133.62903,3.94077,0
10002049,K07270.01,ok,19.2532128,144.8407,1.674,1
4649305,K00143.01,ok,22.65117451,140.337593,3.6895,0
2860114,K02170.01,ok,0.941603153,132.976171,1.1886,0
5213902,K01941.01,ok,1.194812329,132.18329,1.3777,0
8618147,K08160.01,ok,345.128277,218.662,15.925,0
5177859,K04246.01,ok,6.98472143,135.99731,2.724,1
10340212,K08003.01,ok,0.93374894,131.526,4.637,0
6599919,K00858.01,ok,13.61014819,173.987319,2.594,1
4544572,K03950.01,ok,2.189092892,132.082757,5.1128,0
7673841,K02585.02,ok,10.42317343,135.15208,2.341,1
7367164,K07835.01,ok,3.76565247,132.52476,1.557,1
11455484,K03673.01,ok,6.142812722,135.16085,6.0751,0
12644769,K01611.01,ok,41.077590334,173.7358974,6.20583,0
10858803,K04130.01,ok,0.952374508,132.33436,3.006,0
5738634,K03951.01,ok,2.40435335,133.22999,4.07,0
4459068,K06114.01,ok,24.955998503,149.094437,2.76331,0
10205598,K08198.01,ok,373.89398,261.4968,27.66,0
8939211,K05586.01,ok,27.0779813,135.6789,138.54,0
5564082,K06600.01,ok,2.70581614,132.53726,6.56,1
5092266,K03045.01,ok,44.8702042,141.11446,4.199,1
5940165,K02031.01,ok,9.30413878,140.33868,1.9254,1
3663141,K07663.01,ok,2.31894284,132.9696,5.321,0
10554999,K00534.02,ok,2.735900074,171.0964,1.9359,1
4947556,K03936.02,ok,13.0267964,139.14777,0.785,1
4544623,K06423.01,ok,2.189097,132.0841,5.768,0
5211470,K06541.01,ok,2.404293523,132.755943,4.4649,0
11017901,K01800.01,ok,7.794302043,137.260385,1.1081,1
7434875,K00884.03,ok,3.336123113,135.31623,1.9616,1
12061238,K01502.01,ok,1.876406096,133.12761,1.531,0
5802246,K01044.01,ok,0.525154153,133.744359,2.1441,0
10074700,K05760.01,ok,365.620697,238.984,32.263,0
9307966,K04910.01,ok,3.37487541,132.48977,3.085,0
5638699,K08256.01,ok,343.56446,203.9865,18.94,0
5513012,K02668.01,ok,0.679336747,132.856178,1.2188,1
2997459,K04389.01,ok,16.3368863,132.20816,3.597,1
6606653,K01224.01,ok,2.698021895,136.32786,23.192,0
7670485,K06900.01,ok,8.467706136,139.412302,4.05376,0
8409588,K00690.01,ok,1.360834768,169.709729,1.4886,0
7386391,K07837.01,ok,48.507991,148.3182,8.984,0
6066403,K01045.01,ok,1.303861044,134.212059,4.0541,0
12365184,K01474.01,ok,69.72646639,196.093243,3.7177,1
6364215,K02404.01,ok,2.10081629,132.26789,2.8182,1
8559863,K07058.01,ok,22.470494368,143.284831,7.39097,0
3561464,K03398.02,ok,35.8007112,144.92169,8.219,1
7369523,K06870.01,ok,2.659418888,133.3208183,6.98414,0
4579313,K03884.01,ok,2.112405306,132.97515,2.5845,0
11350634,K08050.01,ok,278.38935,299.537,10.43,1
11547505,K01655.01,ok,0.938466959,135.600698,1.3015,1
3236705,K03343.01,ok,83.2664103,194.23925,2.813,1
8611257,K02931.01,ok,99.2532336,148.53067,7.208,1
9161118,K03898.01,ok,1.306723495,132.53576,6.606,0
6607447,K01242.01,ok,99.6442783,283.236289,5.1772,1
8126558,K02259.01,ok,12.19140405,136.33677,1.8832,1
10597164,K07347.01,ok,4.5638537,133.2096,13.05,0
7685981,K00893.01,ok,4.40841331,172.18582,5.012,1
2574543,K04947.01,ok,6.70258007,134.37408,4.632,0
8766222,K01260.01,ok,5.2972293,177.95111,3.799,0
5706595,K02183.02,ok,4.57948235,135.09685,3.106,1
5888187,K07749.01,ok,133.6348207,236.35163,1.584,1
4455231,K01332.03,ok,56.637918,135.51975,6.172,1
4476123,K00814.01,ok,22.36646466,175.45862,5.228,1
4480676,K01321.01,ok,0.711966971,134.223486,2.0221,0
8094221,K06962.01,ok,10.8632531,141.6569,37.68,0
10158729,K02097.01,ok,58.601926,137.66825,5.522,1
11702948,K01465.01,ok,9.771462706,135.584899,1.767,1
8326342,K02680.01,ok,14.4079035,142.02803,2.524,1
7902003,K03236.01,ok,7.13044117,135.594,2.566,1
7135852,K00875.01,ok,4.220965778,170.622433,3.0854,1
10933561,K00291.02,ok,8.12999858,134.10067,2.1492,1
7100673,K04032.03,ok,5.99273265,131.75079,2.6502,1
3745559,K03423.01,ok,30.2541186,136.63873,2.134,1
7871954,K01515.01,ok,1.937029968,134.72107,1.4727,1
10148521,K01084.01,ok,1.204274435,134.05838,1.3362,0
12302391,K07519.01,ok,25.321698729,139.687525,4.45367,0
8746295,K02475.01,ok,6.85567248,136.01953,2.268,0
9412462,K07171.01,ok,10.186578749,132.5289587,10.6304,0
4484312,K06419.01,ok,2.24294107,133.47862,2.532,0
11601584,K01831.04,ok,13.97945055,142.33829,1.2325,1
8168581,K06054.01,ok,2.881338104,132.909319,3.5943,0
4914709,K06470.01,ok,8.65303996,136.66798,1.091,0
11858979,K04062.01,ok,3.05933906,131.7541,1.7332,0
12306058,K02541.01,ok,7.41683033,137.96389,7.274,1
4645174,K03437.01,ok,15.0330623,131.89493,6.326,1
7121885,K03467.01,ok,33.93754213,147.182401,11.1677,0
4763020,K08097.01,ok,384.09781,418.6723,12.55,0
9851943,K04001.01,ok,1.081935491,131.52874,5.136,0
4390912,K07695.01,ok,0.687506554,131.85964,1.441,0
4569942,K08248.01,ok,267.911652,160.2278,4.124,0
9967009,K03462.01,ok,12.4326997,142.1049,7.81,1
6444896,K03138.01,ok,8.68910764,133.23559,1.1627,1
5388229,K06574.01,ok,0.61810542,131.74488,6.666,0
7385387,K06874.01,ok,1.65546056,133.13661,3.52,0
5271803,K06549.01,ok,0.5402463,131.5521,13.93,0
9419020,K04808.01,ok,2.40174996,131.7811,1.413,1
5391407,K08254.01,ok,0.638697833,131.7556646,5.1609,0
6803855,K01695.01,ok,71.4523167,148.80814,6.276,1
10676923,K01297.01,ok,1.031096352,133.93938,2.781,0
10881457,K03484.01,ok,84.704139,152.1832,10.393,1
7670617,K06901.01,ok,24.70361995,136.13429,6.9719,0
11337372,K01650.02,ok,100.8276725,216.38757,8.39,1
7133286,K07581.01,ok,38.51077573,155.594831,38.8558,0
6805414,K05329.01,ok,200.2350497,305.44985,23.612,1
7025540,K03550.01,ok,2.148219541,132.76673,2.94091,0
7812175,K03665.01,ok,17.79391159,134.035628,4.3194,0
4472818,K03878.01,ok,70.9672087,182.66991,6.9623,1
2708885,K02907.01,ok,1.146934644,132.2666,1.7247,0
11560431,K07457.01,ok,0.527673075,131.8234533,1.3693,0
8162789,K00521.01,ok,10.161023528,172.000736,3.1627,1
6278762,K03158.04,ok,7.74347801,135.09417,2.7878,1
2832589,K01942.02,ok,2.433703498,133.83759,0.975,1
9031209,K03316.01,ok,47.0568476,161.05864,5.2232,1
10342248,K04315.01,ok,0.93373458,131.53478,4.364,0
5298620,K06558.01,ok,12.4239677,141.676,16.01,0
10485179,K01167.01,ok,0.445275074,133.971372,2.276,0
10656508,K00211.01,ok,124.03589939,136.015098,4.8472,1
7430876,K03193.01,ok,32.6122381,144.55067,2.886,0
8749844,K07909.01,ok,361.51099,249.7333,4.868,0
6131130,K03307.01,ok,10.5071781,139.66432,2.68,1
8352537,K00420.01,ok,6.010383339,174.084883,2.1939,1
3869014,K01205.01,ok,8.63847391,139.94684,5.4566,1
11046458,K00214.01,ok,3.311864148,131.7427761,1.4049,1
11506235,K07454.01,ok,20.413052415,140.0167643,4.4621,0
9887224,K02464.01,ok,0.874629873,132.25706,1.782,0
8223655,K05488.01,ok,280.1604956,286.93817,2.8637,0
6974658,K02925.01,ok,0.716531851,131.7213,0.655,1
5879448,K07745.01,ok,533.47707,245.3651,23.71,0
6057684,K03972.01,ok,0.54028956,131.85133,3.619,0
8396405,K01733.01,ok,19.18109525,141.37097,2.424,1
6196457,K00285.01,ok,13.74883059,179.279158,6.0968,1
9097120,K00927.01,ok,23.899634407,188.982797,3.81881,0
10122255,K01086.01,ok,27.6652847,144.8714,6.633,1
6211812,K02638.01,ok,2.524017517,133.85946,1.1968,1
3559935,K00492.01,ok,29.9111886,194.71129,6.6436,1
2711114,K06290.01,ok,1.429439352,132.74659,2.424,0
8784288,K07091.01,ok,1.827558898,132.26554,4.72808,0
6043574,K08114.01,ok,381.782641,241.1226,4.52,0
4570555,K05072.01,ok,4.750256809,134.63889,1.9278,0
2161623,K06094.01,ok,2.283466438,132.34883,7.7999,0
8312222,K07017.01,ok,12.823275455,136.1765764,5.32062,0
12736658,K05980.01,ok,0.855294909,131.6579596,2.89112,0
